{
    "accuracy": 0.9336966394187103,
    "precision": 0.816793893129771,
    "recall": 0.6858974358974359
}
